Jenis,Ciri Daun,Ciri Batang,Tinggi,Umur,Ciri Akar,Status
zanzibar,Lebar & Hijau,Besar,90cm,12 bulan,Banyak,Berkualitas
zanzibar,Lebar & Hijau,Besar,90cm,12 bulan,Banyak,Berkualitas
zanzibar,Lebar & Hijau,Besar,90cm,12 bulan,Banyak,Berkualitas
zanzibar,Lebar & Hijau,Besar,90cm,12 bulan,Banyak,Berkualitas
zanzibar,Lebar & Hijau,Besar,90cm,12 bulan,Banyak,Berkualitas
zanzibar,Lebar & Hijau,Besar,90cm,12 bulan,Banyak,Berkualitas
zanzibar,Lebar & Hijau,Besar,90cm,12 bulan,Banyak,Berkualitas
zanzibar,Lebar & Hijau,Besar,90cm,12 bulan,Banyak,Berkualitas
zanzibar,Lebar & Hijau,Besar,90cm,12 bulan,Banyak,Berkualitas
zanzibar,Lebar & Hijau,Besar,90cm,12 bulan,Banyak,Berkualitas
zanzibar,Lebar & Hijau,Besar,90cm,12 bulan,Banyak,Berkualitas
zanzibar,Lebar & Hijau,Besar,90cm,12 bulan,Banyak,Berkualitas
zanzibar,Lebar & Hijau,Besar,90cm,12 bulan,Banyak,Berkualitas
zanzibar,Lebar & Hijau,Besar,90cm,12 bulan,Banyak,Berkualitas
zanzibar,Lebar & Hijau,Besar,90cm,12 bulan,Banyak,Berkualitas
zanzibar,Lebar & Hijau,Besar,90cm,12 bulan,Banyak,Berkualitas
zanzibar,Lebar & Hijau,Besar,90cm,12 bulan,Banyak,Berkualitas
zanzibar,Lebar & Hijau,Besar,90cm,12 bulan,Banyak,Berkualitas
zanzibar,Lebar & Hijau,Besar,90cm,12 bulan,Banyak,Berkualitas
zanzibar,Lebar & Hijau,Besar,90cm,12 bulan,Banyak,Berkualitas
zanzibar,Lebar & Hijau,Besar,90cm,12 bulan,Banyak,Berkualitas
zanzibar,Lebar & Hijau,Besar,90cm,12 bulan,Banyak,Berkualitas
zanzibar,Lebar & Hijau,Besar,90cm,12 bulan,Banyak,Berkualitas
zanzibar,Lebar & Hijau,Besar,90cm,12 bulan,Banyak,Berkualitas
zanzibar,Lebar & Hijau,Besar,90cm,12 bulan,Banyak,Berkualitas
zanzibar,Lebar & Hijau,Besar,90cm,12 bulan,Banyak,Berkualitas
zanzibar,Lebar & Hijau,Besar,90cm,12 bulan,Banyak,Berkualitas
zanzibar,Lebar & Hijau,Besar,90cm,12 bulan,Banyak,Berkualitas
zanzibar,Lebar & Hijau,Besar,90cm,12 bulan,Banyak,Berkualitas
zanzibar,Lebar & Hijau,Besar,90cm,12 bulan,Banyak,Berkualitas
zanzibar,Lebar & Hijau,Besar,90cm,12 bulan,Banyak,Berkualitas
zanzibar,Lebar & Hijau,Besar,90cm,12 bulan,Banyak,Berkualitas
zanzibar,Lebar & Hijau,Besar,90cm,12 bulan,Banyak,Berkualitas
zanzibar,Lebar & Hijau,Besar,90cm,12 bulan,Banyak,Berkualitas
zanzibar,Lebar & Hijau,Besar,90cm,12 bulan,Banyak,Berkualitas
zanzibar,Lebar & Hijau,Besar,90cm,12 bulan,Banyak,Berkualitas
zanzibar,Lebar & Hijau,Besar,90cm,12 bulan,Banyak,Berkualitas
zanzibar,Lebar & Hijau,Besar,90cm,12 bulan,Banyak,Berkualitas
zanzibar,Lebar & Hijau,Besar,90cm,12 bulan,Banyak,Berkualitas
zanzibar,Lebar & Hijau,Besar,90cm,12 bulan,Banyak,Berkualitas
zanzibar,Lebar & Hijau,Besar,90cm,12 bulan,Banyak,Berkualitas
zanzibar,Lebar & Hijau,Besar,90cm,12 bulan,Banyak,Berkualitas
zanzibar,Lebar & Hijau,Besar,90cm,12 bulan,Banyak,Berkualitas
zanzibar,Lebar & Hijau,Besar,90cm,12 bulan,Banyak,Berkualitas
zanzibar,Lebar & Hijau,Besar,90cm,12 bulan,Banyak,Berkualitas
zanzibar,Lebar & Hijau,Besar,90cm,12 bulan,Banyak,Berkualitas
zanzibar,Lebar & Hijau,Besar,90cm,12 bulan,Banyak,Berkualitas
zanzibar,Lebar & Hijau,Besar,90cm,12 bulan,Banyak,Berkualitas
zanzibar,Lebar & Hijau,Besar,90cm,12 bulan,Banyak,Berkualitas
zanzibar,Lebar & Hijau,Besar,90cm,12 bulan,Banyak,Berkualitas
zanzibar,Lebar & Hijau,Besar,90cm,12 bulan,Banyak,Berkualitas
zanzibar,Lebar & Hijau,Besar,90cm,12 bulan,Banyak,Berkualitas
zanzibar,Lebar & Hijau,Besar,90cm,12 bulan,Banyak,Berkualitas
zanzibar,Lebar & Hijau,Besar,90cm,12 bulan,Banyak,Berkualitas
zanzibar,Lebar & Hijau,Besar,90cm,12 bulan,Banyak,Berkualitas
zanzibar,Lebar & Hijau,Besar,90cm,12 bulan,Banyak,Berkualitas
zanzibar,Lebar & Hijau,Besar,90cm,12 bulan,Banyak,Berkualitas
zanzibar,Lebar & Hijau,Besar,90cm,12 bulan,Banyak,Berkualitas
zanzibar,Lebar & Hijau,Besar,90cm,12 bulan,Banyak,Berkualitas
zanzibar,Lebar & Hijau,Besar,90cm,12 bulan,Banyak,Berkualitas
zanzibar,Lebar & Hijau,Besar,90cm,12 bulan,Banyak,Berkualitas
zanzibar,Lebar & Hijau,Besar,90cm,12 bulan,Banyak,Berkualitas
zanzibar,Lebar & Hijau,Besar,90cm,12 bulan,Banyak,Berkualitas
zanzibar,Lebar & Hijau,Besar,90cm,12 bulan,Banyak,Berkualitas
zanzibar,Lebar & Hijau,Besar,90cm,12 bulan,Banyak,Berkualitas
zanzibar,Lebar & Hijau,Besar,90cm,12 bulan,Banyak,Berkualitas
zanzibar,Lebar & Hijau,Besar,90cm,12 bulan,Banyak,Berkualitas
zanzibar,Lebar & Hijau,Besar,90cm,12 bulan,Banyak,Berkualitas
zanzibar,Lebar & Hijau,Besar,90cm,12 bulan,Banyak,Berkualitas
zanzibar,Lebar & Hijau,Besar,90cm,12 bulan,Banyak,Berkualitas
zanzibar,Sempit & Kuning,Kecil,50cm,12 bulan,Banyak,Tidak Berkualitas
zanzibar,sempit & Kuning,Kecil,50cm,12 bulan,Banyak,Tidak Berkualitas
zanzibar,Sempit & Kuning,Kecil,30cm,12 bulan,Sedikit,Tidak Berkualitas
zanzibar,Sempit & Kuning,Kecil,30cm,12 bulan,Sedikit,Tidak Berkualitas
zanzibar,sempit & Kuning,Kecil,50cm,12 bulan,Sedikit,Tidak Berkualitas
zanzibar,Sempit & Kuning,Kecil,50cm,12 bulan,Sedikit,Tidak Berkualitas
zanzibar,sempit & Kuning,Kecil,50cm,12 bulan,Sedikit,Tidak Berkualitas
zanzibar,sempit & Kuning,Kecil,30cm,12 bulan,Sedikit,Tidak Berkualitas
zanzibar,Sempit & Kuning,Kecil,50cm,12 bulan,Sedikit,Tidak Berkualitas
zanzibar,Sempit & Kuning,Kecil,50cm,12 bulan,Banyak,Tidak Berkualitas
zanzibar,Sempit & Kuning,Kecil,50cm,12 bulan,Banyak,Tidak Berkualitas
zanzibar,Sempit & Kuning,Kecil,50cm,12 bulan,Sedikit,Tidak Berkualitas
zanzibar,sempit & Kuning,Kecil,50cm,12 bulan,Sedikit,Tidak Berkualitas
zanzibar,sempit & Kuning,Kecil,50cm,12 bulan,Sedikit,Tidak Berkualitas
zanzibar,sempit & Kuning,Kecil,30cm,12 bulan,Sedikit,Tidak Berkualitas
zanzibar,Sempit & Kuning,Kecil,50cm,12 bulan,Sedikit,Tidak Berkualitas
zanzibar,sempit & Kuning,Kecil,30cm,12 bulan,Banyak,Tidak Berkualitas
zanzibar,Sempit & Kuning,Kecil,50cm,12 bulan,Sedikit,Tidak Berkualitas
zanzibar,sempit & Kuning,Kecil,30cm,12 bulan,Banyak,Tidak Berkualitas
zanzibar,Sempit & Kuning,Kecil,50cm,12 bulan,Banyak,Tidak Berkualitas
zanzibar,Sempit & Kuning,Kecil,30cm,12 bulan,Sedikit,Tidak Berkualitas
zanzibar,Sempit & Kuning,Kecil,50cm,12 bulan,Banyak,Tidak Berkualitas
zanzibar,sempit & Kuning,Kecil,50cm,12 bulan,Banyak,Tidak Berkualitas
zanzibar,sempit & Kuning,Kecil,30cm,12 bulan,Sedikit,Tidak Berkualitas
zanzibar,sempit & Kuning,Kecil,50cm,12 bulan,Sedikit,Tidak Berkualitas
zanzibar,sempit & Kuning,Kecil,50cm,12 bulan,Banyak,Tidak Berkualitas
zanzibar,Sempit & Kuning,Kecil,50cm,12 bulan,Banyak,Tidak Berkualitas
zanzibar,sempit & Kuning,Kecil,50cm,12 bulan,Banyak,Tidak Berkualitas
zanzibar,sempit & Kuning,Kecil,30cm,12 bulan,Banyak,Tidak Berkualitas
zanzibar,sempit & Kuning,Kecil,30cm,12 bulan,Banyak,Tidak Berkualitas
zanzibar,Sempit & Kuning,Kecil,30cm,12 bulan,Banyak,Tidak Berkualitas
zanzibar,sempit & Kuning,Kecil,50cm,12 bulan,Sedikit,Tidak Berkualitas
zanzibar,Sempit & Kuning,Kecil,30cm,12 bulan,Banyak,Tidak Berkualitas
zanzibar,sempit & Kuning,Kecil,50cm,12 bulan,Banyak,Tidak Berkualitas
zanzibar,sempit & Kuning,Kecil,30cm,12 bulan,Sedikit,Tidak Berkualitas
zanzibar,sempit & Kuning,Kecil,50cm,12 bulan,Sedikit,Tidak Berkualitas
zanzibar,sempit & Kuning,Kecil,50cm,12 bulan,Sedikit,Tidak Berkualitas
zanzibar,sempit & Kuning,Kecil,50cm,12 bulan,Banyak,Tidak Berkualitas
zanzibar,sempit & Kuning,Kecil,30cm,12 bulan,Sedikit,Tidak Berkualitas
zanzibar,sempit & Kuning,Kecil,50cm,12 bulan,Sedikit,Tidak Berkualitas
zanzibar,Sempit & Kuning,Kecil,30cm,12 bulan,Banyak,Tidak Berkualitas
zanzibar,Sempit & Kuning,Kecil,30cm,12 bulan,Sedikit,Tidak Berkualitas
zanzibar,sempit & Kuning,Kecil,30cm,12 bulan,Sedikit,Tidak Berkualitas
zanzibar,sempit & Kuning,Kecil,50cm,12 bulan,Banyak,Tidak Berkualitas
zanzibar,sempit & Kuning,Kecil,50cm,12 bulan,Banyak,Tidak Berkualitas
zanzibar,Sempit & Kuning,Kecil,50cm,12 bulan,Banyak,Tidak Berkualitas
zanzibar,Sempit & Kuning,Kecil,30cm,12 bulan,Banyak,Tidak Berkualitas
zanzibar,Sempit & Kuning,Kecil,50cm,12 bulan,Banyak,Tidak Berkualitas
zanzibar,sempit & Kuning,Kecil,30cm,12 bulan,Sedikit,Tidak Berkualitas
zanzibar,Sempit & Kuning,Kecil,50cm,12 bulan,Sedikit,Tidak Berkualitas
zanzibar,Sempit & Kuning,Kecil,30cm,12 bulan,Sedikit,Tidak Berkualitas
zanzibar,sempit & Kuning,Kecil,30cm,12 bulan,Banyak,Tidak Berkualitas
zanzibar,sempit & Kuning,Kecil,30cm,12 bulan,Banyak,Tidak Berkualitas
zanzibar,sempit & Kuning,Kecil,50cm,12 bulan,Banyak,Tidak Berkualitas
zanzibar,Sempit & Kuning,Kecil,30cm,12 bulan,Banyak,Tidak Berkualitas
zanzibar,Sempit & Kuning,Kecil,50cm,12 bulan,Sedikit,Tidak Berkualitas
zanzibar,Sempit & Kuning,Kecil,30cm,12 bulan,Banyak,Tidak Berkualitas
zanzibar,sempit & Kuning,Kecil,50cm,12 bulan,Sedikit,Tidak Berkualitas
zanzibar,Sempit & Kuning,Kecil,50cm,12 bulan,Sedikit,Tidak Berkualitas
zanzibar,Sempit & Kuning,Kecil,50cm,12 bulan,Banyak,Tidak Berkualitas
zanzibar,sempit & Kuning,Kecil,50cm,12 bulan,Sedikit,Tidak Berkualitas
zanzibar,Sempit & Kuning,Kecil,50cm,12 bulan,Banyak,Tidak Berkualitas
zanzibar,Sempit & Kuning,Kecil,50cm,12 bulan,Banyak,Tidak Berkualitas
zanzibar,sempit & Kuning,Kecil,50cm,12 bulan,Banyak,Tidak Berkualitas
zanzibar,Sempit & Kuning,Kecil,30cm,12 bulan,Banyak,Tidak Berkualitas
zanzibar,Sempit & Kuning,Kecil,30cm,12 bulan,Banyak,Tidak Berkualitas
zanzibar,Sempit & Kuning,Kecil,30cm,12 bulan,Banyak,Tidak Berkualitas
zanzibar,sempit & Kuning,Kecil,50cm,12 bulan,Sedikit,Tidak Berkualitas
zanzibar,sempit & Kuning,Kecil,50cm,12 bulan,Banyak,Tidak Berkualitas
zanzibar,Sempit & Kuning,Kecil,50cm,12 bulan,Sedikit,Tidak Berkualitas
zanzibar,Lebar & Hijau,Besar,90cm,12 bulan,Banyak,Berkualitas
zanzibar,Lebar & Hijau,Besar,90cm,12 bulan,Banyak,Berkualitas
zanzibar,Lebar & Hijau,Besar,90cm,12 bulan,Banyak,Berkualitas
zanzibar,Lebar & Hijau,Besar,90cm,12 bulan,Banyak,Berkualitas
zanzibar,Lebar & Hijau,Besar,90cm,12 bulan,Banyak,Berkualitas
zanzibar,Lebar & Hijau,Besar,90cm,12 bulan,Banyak,Berkualitas
zanzibar,Lebar & Hijau,Besar,90cm,12 bulan,Banyak,Berkualitas
zanzibar,Lebar & Hijau,Besar,90cm,12 bulan,Banyak,Berkualitas
zanzibar,Lebar & Hijau,Besar,90cm,12 bulan,Banyak,Berkualitas
zanzibar,Lebar & Hijau,Besar,90cm,12 bulan,Banyak,Berkualitas
zanzibar,Lebar & Hijau,Besar,90cm,12 bulan,Banyak,Berkualitas
zanzibar,Lebar & Hijau,Besar,90cm,12 bulan,Banyak,Berkualitas
zanzibar,Lebar & Hijau,Besar,90cm,12 bulan,Banyak,Berkualitas
zanzibar,Lebar & Hijau,Besar,90cm,12 bulan,Banyak,Berkualitas
zanzibar,Lebar & Hijau,Besar,90cm,12 bulan,Banyak,Berkualitas
zanzibar,Lebar & Hijau,Besar,90cm,12 bulan,Banyak,Berkualitas
zanzibar,Lebar & Hijau,Besar,90cm,12 bulan,Banyak,Berkualitas
zanzibar,Lebar & Hijau,Besar,90cm,12 bulan,Banyak,Berkualitas
zanzibar,Lebar & Hijau,Besar,90cm,12 bulan,Banyak,Berkualitas
zanzibar,Lebar & Hijau,Besar,90cm,12 bulan,Banyak,Berkualitas
zanzibar,Lebar & Hijau,Besar,90cm,12 bulan,Banyak,Berkualitas
zanzibar,Lebar & Hijau,Besar,90cm,12 bulan,Banyak,Berkualitas
zanzibar,Lebar & Hijau,Besar,90cm,12 bulan,Banyak,Berkualitas
zanzibar,Lebar & Hijau,Besar,90cm,12 bulan,Banyak,Berkualitas
zanzibar,Lebar & Hijau,Besar,90cm,12 bulan,Banyak,Berkualitas
zanzibar,Lebar & Hijau,Besar,90cm,12 bulan,Banyak,Berkualitas
zanzibar,Lebar & Hijau,Besar,90cm,12 bulan,Banyak,Berkualitas
zanzibar,Lebar & Hijau,Besar,90cm,12 bulan,Banyak,Berkualitas
zanzibar,Lebar & Hijau,Besar,90cm,12 bulan,Banyak,Berkualitas
zanzibar,Lebar & Hijau,Besar,90cm,12 bulan,Banyak,Berkualitas
zanzibar,sempit & Kuning,Kecil,50cm,12 bulan,Banyak,Tidak Berkualitas
zanzibar,sempit & Kuning,Kecil,50cm,12 bulan,Banyak,Tidak Berkualitas
zanzibar,sempit & Kuning,Kecil,50cm,12 bulan,Banyak,Tidak Berkualitas
zanzibar,sempit & Kuning,Kecil,30cm,12 bulan,Banyak,Tidak Berkualitas
zanzibar,Sempit & Kuning,Kecil,50cm,12 bulan,Banyak,Tidak Berkualitas
zanzibar,sempit & Kuning,Kecil,30cm,12 bulan,Banyak,Tidak Berkualitas
zanzibar,Sempit & Kuning,Kecil,30cm,12 bulan,Sedikit,Tidak Berkualitas
zanzibar,sempit & Kuning,Kecil,50cm,12 bulan,Sedikit,Tidak Berkualitas
zanzibar,Sempit & Kuning,Kecil,50cm,12 bulan,Banyak,Tidak Berkualitas
zanzibar,Sempit & Kuning,Kecil,30cm,12 bulan,Sedikit,Tidak Berkualitas
zanzibar,sempit & Kuning,Kecil,30cm,12 bulan,Banyak,Tidak Berkualitas
zanzibar,sempit & Kuning,Kecil,30cm,12 bulan,Banyak,Tidak Berkualitas
zanzibar,Sempit & Kuning,Kecil,50cm,12 bulan,Sedikit,Tidak Berkualitas
zanzibar,sempit & Kuning,Kecil,50cm,12 bulan,Sedikit,Tidak Berkualitas
zanzibar,Sempit & Kuning,Kecil,30cm,12 bulan,Banyak,Tidak Berkualitas
zanzibar,Sempit & Kuning,Kecil,50cm,12 bulan,Banyak,Tidak Berkualitas
zanzibar,Sempit & Kuning,Kecil,50cm,12 bulan,Sedikit,Tidak Berkualitas
zanzibar,Sempit & Kuning,Kecil,50cm,12 bulan,Sedikit,Tidak Berkualitas
zanzibar,sempit & Kuning,Kecil,30cm,12 bulan,Banyak,Tidak Berkualitas
zanzibar,Sempit & Kuning,Kecil,30cm,12 bulan,Sedikit,Tidak Berkualitas
zanzibar,Sempit & Kuning,Kecil,30cm,12 bulan,Sedikit,Tidak Berkualitas
zanzibar,Sempit & Kuning,Kecil,30cm,12 bulan,Sedikit,Tidak Berkualitas
zanzibar,Sempit & Kuning,Kecil,30cm,12 bulan,Sedikit,Tidak Berkualitas
zanzibar,sempit & Kuning,Kecil,30cm,12 bulan,Sedikit,Tidak Berkualitas
zanzibar,sempit & Kuning,Kecil,50cm,12 bulan,Sedikit,Tidak Berkualitas
zanzibar,sempit & Kuning,Kecil,50cm,12 bulan,Sedikit,Tidak Berkualitas
zanzibar,Sempit & Kuning,Kecil,50cm,12 bulan,Banyak,Tidak Berkualitas
zanzibar,Sempit & Kuning,Kecil,30cm,12 bulan,Banyak,Tidak Berkualitas
zanzibar,Sempit & Kuning,Kecil,50cm,12 bulan,Banyak,Tidak Berkualitas
zanzibar,sempit & Kuning,Kecil,50cm,12 bulan,Banyak,Tidak Berkualitas
